grad_norm,loss,mse,param_norm,samples,step,train_loss_q0,train_loss_q1,train_loss_q2,train_loss_q3,train_mse_q0,train_mse_q1,train_mse_q2,train_mse_q3
3.590258750664566,0.9999537467956543,0.9999537467956543,240.45563617457069,128,0,1.0047659476598105,0.9996744394302368,0.9994172453880312,0.9974875152111053,1.0047659476598105,0.9996744394302368,0.9994172453880312,0.9974875152111053
